sample_id,iteration,seed,Percentage of cleaned cells
0,0,32719425012947681791491384029882198792,0.0
0,1,336055671598796054469702578124861505695,0.0
0,2,169680267512442976588874485379879234738,0.0
0,3,28374150771068605159788379106368178148,0.0005
0,4,164412867510983923827445773740776447168,0.0005
0,5,299788499382765424879604137276660672044,0.001
0,6,210766612192367122175813387505699840138,0.0
0,7,105379217975738188414401768360068274994,0.0015
0,8,111415390680013606870055745080785612662,0.0
0,9,175941659808385190388601042547050905630,0.0015
0,10,117035330899338083103056718823697411117,0.0035
0,11,180837227444336741344309931046458732521,0.0005
0,12,60147542029552626207544133066426283938,0.0005
0,13,105963190076230530405681977697744495990,0.0005
0,14,270409347792121307690772726139364318713,0.002
0,15,247639178224047912579602536793775998809,0.001
0,16,35224921939905564422309903189130615088,0.0
0,17,191918329576006569885179011362451619068,0.0
0,18,103300409634051879453339732962218021418,0.0
0,19,103966385533433726081790347879117616426,0.0
0,20,102583609358846210927270048286630113990,0.0005
0,21,153193911240096952389113151537134095493,0.001
0,22,327075602164711933060735165915351190008,0.0
0,23,338323778349114509231799794579024555866,0.0005
0,24,73980707600963340328866933743879544533,0.0005
0,25,108986459824918988747596542734082702785,0.001
0,26,2880435456212785596018752333133563256,0.001
0,27,128409618079668983956500637751323316308,0.0
0,28,287425457287067799555051459445421141402,0.0
0,29,328614506181859329555887972290183807478,0.0
0,30,240093454304576978709159044911702182118,0.0
0,31,22733225289820300599268856824489237959,0.0005
0,32,149108443809799317342271010092222703995,0.0
0,33,142475468742613210971814106637124458844,0.0035
0,34,137835337822218828247551499047217704781,0.0
0,35,265659434648647154310209459843197070264,0.0
0,36,250156676333073410635905831739237451509,0.012
0,37,35200204968338863549325324060644255732,0.0
0,38,279686967255580950789394519908737760883,0.0
0,39,168129120868470046380690547131643889001,0.0005
1,0,236195743288738982993825832520006316066,0.0004679457182966776
1,1,214586672697844575678949011316270677531,0.0
1,2,264870953430099056761919903576837453361,0.0004679457182966776
1,3,187694197862363007157261509228392430332,0.0018717828731867104
1,4,68174783494709746994786323433485123163,0.0
1,5,234926495483163149135023115437745514266,0.0004679457182966776
1,6,172422902013707555634177352155043695926,0.003743565746373421
1,7,76213490680291784741577099029429120822,0.0
1,8,202659612542299322539380775514032633973,0.0014038371548900327
1,9,38619917036507093872430518589489687171,0.0
1,10,287275352659693207580249484998277432822,0.0070191857744501636
1,11,135146863845187254097990375739687910864,0.0004679457182966776
1,12,204425023713402477809855549137413699140,0.0004679457182966776
1,13,147524487218506954146238460489468645352,0.0
1,14,12130110198574718188238128375592739373,0.0
1,15,281197474027033051136868678292685996246,0.0009358914365933552
1,16,126893343697548621110590672276892131278,0.0
1,17,262340540196102533224215920257753490492,0.0
1,18,161275053218024653277907850355421560822,0.0009358914365933552
1,19,250850512582067353051643761744231806776,0.0018717828731867104
1,20,323024442855775084561048443413120342889,0.0009358914365933552
1,21,144560621152981645632823588721008991133,0.0009358914365933552
1,22,8457025994832853940205176513885782851,0.0004679457182966776
1,23,58729313484438477978765729712725513694,0.002339728591483388
1,24,191796389367124308890341075325377631341,0.003275620028076743
1,25,175089564049704624214583180210777814493,0.0004679457182966776
1,26,74820373927538519682824362967450737544,0.0
1,27,264577221521888004764557650288062413053,0.0004679457182966776
1,28,249639068981129046744895147252956712359,0.0
1,29,279778046575047232460620124654545748009,0.0004679457182966776
1,30,75801202964624857335606917936500976288,0.0
1,31,112474859063509166563498919793274334827,0.0018717828731867104
1,32,15699297411637551038766061399186496125,0.004679457182966776
1,33,235980120908316681454641166365970681661,0.0009358914365933552
1,34,332849327898008295989452343561560632483,0.0
1,35,287885974036747558031213068641985117704,0.0
1,36,315363825785111050213484403046945509560,0.0
1,37,11314479685292980847062779182074595421,0.0014038371548900327
1,38,93497028167070798505479677883353634562,0.0009358914365933552
1,39,95622890019997837140546934950042455506,0.0004679457182966776
2,0,322438964818418961737821747174847393599,0.0
2,1,114495412475111047035589574442532881893,0.0017582417582417582
2,2,110691660005512616644566336582226990284,0.0
2,3,87696060007223344758930007401284872024,0.0008791208791208791
2,4,81505740135426251440485427447804935592,0.0
2,5,140569217907107722097193873590465729172,0.0
2,6,333033287814085625733122803788976359114,0.0
2,7,268641206589999104727757122572003174624,0.00043956043956043956
2,8,85326275773163292710499135286738857478,0.00043956043956043956
2,9,133113923302431089824797004670761686485,0.0013186813186813187
2,10,116088931940064661926239082378540971398,0.0
2,11,70293379156667625714987406771484325835,0.0
2,12,117707056695743802828600254686359445173,0.0026373626373626374
2,13,169631656487262209780215139149800621146,0.0
2,14,301605230556152398542502988379513717520,0.00043956043956043956
2,15,534921063500087172239739714222683228,0.0
2,16,226354702474527398111733383074778683900,0.0
2,17,64416345816730675523484460457909305837,0.0
2,18,113030113162699822198280312196997927936,0.00043956043956043956
2,19,266789348712462495298648952546049304778,0.00043956043956043956
2,20,199337079582021777117865989463065899661,0.0
2,21,163154538189481193498918989609927472332,0.00043956043956043956
2,22,148171372614677327471309063563616645329,0.00043956043956043956
2,23,241174654273196057298917425078296074667,0.00043956043956043956
2,24,74886771327149026653279246583131523680,0.0
2,25,28114348317292680260218688636015865138,0.00043956043956043956
2,26,270412444605163121105344078757795550981,0.0035164835164835165
2,27,196367311500531218426653862742606920811,0.00043956043956043956
2,28,53860640738609570850521537533142896702,0.0
2,29,154823069839788615376188849775027389667,0.00043956043956043956
2,30,201284357312513732948885826652056306474,0.00043956043956043956
2,31,49974282359491157036159885321979588831,0.00043956043956043956
2,32,225608804115812747960596335995816155916,0.0013186813186813187
2,33,117685385236873440329323525937656085813,0.00043956043956043956
2,34,59636181009873538945407827591075157153,0.00043956043956043956
2,35,162568116801994176104223991727492573362,0.0008791208791208791
2,36,292302397912564311185000425108596822119,0.0
2,37,125020022984516883032017330191077130873,0.00043956043956043956
2,38,57032379061917199862182539853308929513,0.0008791208791208791
2,39,288517271442680265692523450226541946900,0.008791208791208791
3,0,100803831655325908335969127579730835522,0.009531703273932863
3,1,120411254025733489702434350900403754964,0.0
3,2,15437748620118479929280104631930092127,0.0
3,3,225393708143793118011223527529476701418,0.0004144218814753419
3,4,61344082157258751664766850514595531351,0.0004144218814753419
3,5,95583560807624919387527420913637417570,0.0004144218814753419
3,6,4174417749672770266060171606767217534,0.0008288437629506838
3,7,243552056543052741703504918961016818295,0.0004144218814753419
3,8,34847837570171535233859925152256274574,0.0012432656444260257
3,9,73238694912997872164540873523457638700,0.0024865312888520514
3,10,315932843610459083962650081259104492010,0.0
3,11,320539301060919856577414239210321002257,0.0008288437629506838
3,12,215060595759051614657413746762353322982,0.0004144218814753419
3,13,285034510488763170712323985913845982881,0.0
3,14,182743853399457720838890299586000844650,0.0004144218814753419
3,15,270795014470675535119881043284272128842,0.0004144218814753419
3,16,283395170590584020289060065823616979288,0.0004144218814753419
3,17,58435865015006910348132171355996288872,0.0004144218814753419
3,18,305161935379907267783037142281232398853,0.0
3,19,304986822675301425016033840208957046636,0.003315375051802735
3,20,68935731795104243292160738497989803906,0.0
3,21,253278330101312431687301823338748870659,0.0004144218814753419
3,22,289474854219318067125981789944462268300,0.005387484459179445
3,23,195301783198621995605052613317878618797,0.0020721094073767096
3,24,336075066954744069360923791895341622098,0.0012432656444260257
3,25,122018261409668464104262890832698249508,0.0
3,26,40930906807998687041711145826579204868,0.0016576875259013675
3,27,261748288542448203608354017678267670741,0.0
3,28,67357960123280257030875439332413731993,0.0
3,29,1217977165683368990622969757948520404,0.0012432656444260257
3,30,267382202037970100463099697472239561725,0.0004144218814753419
3,31,291496540411441947242518347204559102981,0.0004144218814753419
3,32,61661694490699242817909473937363001129,0.0
3,33,244433737736614916496930794568408513516,0.0
3,34,322678005678624008451746782825824435824,0.0008288437629506838
3,35,13896418962164970219899375911957739848,0.0012432656444260257
3,36,246668122005255140529545681118183119171,0.0008288437629506838
3,37,45178357215029772337115212056532661869,0.0004144218814753419
3,38,207335982650273239241801259955989615864,0.0
3,39,111195044003105170846892012122666969438,0.0004144218814753419
4,0,136164028618604423553860977313886305135,0.0
4,1,228037146994288986810789009186186125697,0.0007840062720501764
4,2,176329228511124996621779727988616365632,0.0011760094080752645
4,3,125548954173525399857694541525009205469,0.0
4,4,8361577772698045958153468781019053800,0.0003920031360250882
4,5,150465505587408360223350125984170312574,0.0
4,6,214850933859571517064546247920883994407,0.0
4,7,318058469693075325826956450574487077074,0.0
4,8,331062556801776258861860347620628312765,0.0
4,9,120636832426101822777391091345982834974,0.002352018816150529
4,10,274417507765054229114251342286004974408,0.0007840062720501764
4,11,218101595268265516775090339704616643238,0.0
4,12,305237544509802252699600144561997456731,0.0003920031360250882
4,13,192539148828530340981041368410507363015,0.0003920031360250882
4,14,22335995386503552284592661852870374452,0.005880047040376323
4,15,251758616943787513467114793377100110239,0.0
4,16,107819024339848205063561716703839683957,0.0003920031360250882
4,17,54697405822332990838972864124708228441,0.001960015680125441
4,18,84700526530321145055692161663820130166,0.005488043904351235
4,19,151503283421121494386638610300475596432,0.0007840062720501764
4,20,174650438568013398894681836478295146100,0.003920031360250882
4,21,97604332311895419125622687825748271131,0.0015680125441003528
4,22,14307819193115399821347037204465202620,0.0011760094080752645
4,23,32897853393433917925103869721740446700,0.0035280282242257936
4,24,270462601830100093778920907303109288632,0.0
4,25,79741383142602173923264705615493991893,0.0
4,26,72998287139028513816207311317941187285,0.0003920031360250882
4,27,268458687979921662744240783800833435962,0.0
4,28,288541314080720222515863961244775237259,0.0003920031360250882
4,29,86028772294605897966384344123131601415,0.0035280282242257936
4,30,121579955734165599080973355538462091659,0.0
4,31,42264771020066694319626877209638888050,0.0
4,32,337961653052819786172362681217535098000,0.0003920031360250882
4,33,64104264408764869728531836037322949025,0.0
4,34,131520261138703049872159338701856175353,0.0007840062720501764
4,35,257737584850523411284962788189773719954,0.010192081536652292
4,36,24477983343434542414077639275766662027,0.0
4,37,301733405622056566507246810194807060684,0.0
4,38,190800201568247526776280979735220767681,0.0007840062720501764
4,39,260799201768863283270670979449270565765,0.0003920031360250882
5,0,158606410785303030169243003281220942285,0.0
5,1,249649318031828154249741559003407910515,0.0007437709185570844
5,2,242542901824256354594413246942164056252,0.0003718854592785422
5,3,211198751592857579792250821779500039238,0.0003718854592785422
5,4,159496033793137318492503027329236692554,0.0029750836742283376
5,5,67340709277889808370497018571511089278,0.0003718854592785422
5,6,176080178584099430762242446883636821577,0.0011156563778356265
5,7,103255161571112504910852458783531984521,0.0003718854592785422
5,8,1870844326062970646584004641023911700,0.0
5,9,33900554332950092849447739544224772899,0.0003718854592785422
5,10,22328745552930758057956500041866052052,0.0003718854592785422
5,11,38529338098360465160715056852108596717,0.0014875418371141688
5,12,155895315397486835955767854736469679205,0.0003718854592785422
5,13,43013368113263149489040899888841120922,0.0
5,14,339436769565139612031506750545314803603,0.0003718854592785422
5,15,337942121777027379108025459993623859939,0.0003718854592785422
5,16,112358269390630382902907481235179096588,0.0003718854592785422
5,17,253297743117385268306280782680353319224,0.0007437709185570844
5,18,249108486351995420079803465073223300469,0.008553365563406471
5,19,161932791907512306466014404190705906815,0.002231312755671253
5,20,156721181465641745745150675719110383972,0.0003718854592785422
5,21,163500180206372241508685676808768500893,0.0
5,22,272521179469759386624393392117890866461,0.0026031982149497955
5,23,272445049009564966340882019547493591459,0.0
5,24,231497662263648088730875795639696925645,0.0
5,25,279054637659786196140276136332651748342,0.0011156563778356265
5,26,102189932610503465460763737062302669438,0.0003718854592785422
5,27,212066924521656542283408005994030332588,0.003718854592785422
5,28,91064620256792372503735208001174942878,0.0
5,29,85623690602046393340741457735543015273,0.0003718854592785422
5,30,165202290124424388624755812720441019368,0.0003718854592785422
5,31,108788763989090620343097519556780830157,0.0
5,32,301760145791285589973694430420522650921,0.0003718854592785422
5,33,84128329128640376539150914863983837334,0.0011156563778356265
5,34,129226359234659209940933784254855582592,0.00334696913350688
5,35,182620932653050925761110447855967976101,0.0
5,36,86036345277750197028065133519264082336,0.002231312755671253
5,37,87830917517410423558797290585963110705,0.0007437709185570844
5,38,337578501601239915322569968228618783067,0.0003718854592785422
5,39,153576871329052336487545707746662712909,0.0
6,0,191639843542640173705323973840081251464,0.012734347364697559
6,1,14800191671993914451337335309312910823,0.0038910505836575876
6,2,155054236981781948808376844220968475122,0.0007074637424831977
6,3,331286817220787469867979654630363073233,0.0007074637424831977
6,4,325764315289849273870962187836695673783,0.00035373187124159886
6,5,65227830412937357609071191485628794219,0.00035373187124159886
6,6,287813331089601777010234966910855955938,0.003537318712415989
6,7,245872251081292872594912800388644062670,0.00035373187124159886
6,8,138454343622266389798678772207231005167,0.0
6,9,108826640176659822803035857689070170527,0.003537318712415989
6,10,217350944323560876499058303697483678447,0.00035373187124159886
6,11,328199492328013790656411872794668477918,0.0
6,12,169919610299374396993872902215350513113,0.002476123098691192
6,13,87402834572102963433115914873201607147,0.0010611956137247967
6,14,293957012722341497640039770826682449215,0.0017686593562079944
6,15,264705944962671641241598440577922506814,0.00035373187124159886
6,16,117340624482392510843122504528337000083,0.003537318712415989
6,17,293244508792321023620954343809316829087,0.0007074637424831977
6,18,136046835442165775912984190772395127859,0.0007074637424831977
6,19,3722611826061642545727756634126428445,0.005305978068623983
6,20,266862714780813456005398298555665581715,0.0010611956137247967
6,21,211456254636987306509157344286008644155,0.00035373187124159886
6,22,45324933297498186346426785028006049883,0.0
6,23,225414404306975810579731507186912997304,0.0021223912274495934
6,24,233099968856217552757135974085165664699,0.00035373187124159886
6,25,300992198772414037152522046374538243110,0.00035373187124159886
6,26,91163305884576298106412521448913606769,0.0
6,27,84208863525333081045205505167012424373,0.0
6,28,105622607491725133727810568074629087054,0.0
6,29,148871728090375482560886930535783869834,0.0
6,30,175099630984479000986305122260475650940,0.00035373187124159886
6,31,121865136319031345066366515925559130419,0.0038910505836575876
6,32,196870393257237325491002203520451250764,0.0
6,33,279194240726805568293290597492648047480,0.0
6,34,4678276268007842932209062079029048902,0.00035373187124159886
6,35,157066157819826868035591376956089749575,0.00035373187124159886
6,36,335584355275496374642471970770820864798,0.004244782454899187
6,37,297255585506802989243772348912115977347,0.004244782454899187
6,38,107094623369450785667547773465351898635,0.00035373187124159886
6,39,139309526058681008471983137883746578657,0.00035373187124159886
7,0,336945758634799822094366058685038347032,0.0
7,1,161124731463016797052837084410895297547,0.0016863406408094434
7,2,311946204502575998307102944440564432333,0.004047217537942664
7,3,148921744690942994505008987717786282831,0.0013490725126475548
7,4,118737182338019653295236875984438365334,0.0016863406408094434
7,5,280947694447429455800629790569208685879,0.0016863406408094434
7,6,254509045095162406041447198528732562810,0.0
7,7,221340697653017606930343499557049449231,0.01045531197301855
7,8,269869874423498828293772329483716285666,0.0003372681281618887
7,9,19142774057823217586675228818077589518,0.001011804384485666
7,10,131578055187809662150133780131339735389,0.0
7,11,43097275207555478394780185348076735971,0.0
7,12,159494903008025434527373577073907292216,0.0003372681281618887
7,13,75034359636379942210876744283739381758,0.0006745362563237774
7,14,219027168489409034911785335222697925595,0.0006745362563237774
7,15,53238684357861875667093203265420799283,0.0
7,16,263155554133248577498433653690825373256,0.0016863406408094434
7,17,135534656434750848923370690938401535465,0.0003372681281618887
7,18,37871144051690157232827176417966064135,0.002023608768971332
7,19,5155686379388609543180090325608147578,0.0003372681281618887
7,20,317939307169323064697304365463983338967,0.008094435075885328
7,21,265027313728345239116863484338551257304,0.0030354131534569982
7,22,280474195468901904195512148500579754249,0.003372681281618887
7,23,253091955068480514102265191756503161119,0.0
7,24,86487567845286564371570289982143479646,0.0
7,25,160088278612906507803866998015201272147,0.0003372681281618887
7,26,119086082574691612380331310074438491969,0.0003372681281618887
7,27,242567701366148012211845338208344191278,0.0013490725126475548
7,28,16560761211041207905285363002574445204,0.0003372681281618887
7,29,132010338299103253019742813532466995506,0.0003372681281618887
7,30,301154682708507002655170603831998328308,0.009106239460370995
7,31,266373885375232920754815332354958580683,0.012816188870151771
7,32,118784798755647499161838517660155952573,0.0
7,33,246949450313680347298728254069750704459,0.0006745362563237774
7,34,330681230500657565849532769077723401012,0.0
7,35,329447605090246625753244227401894403267,0.0016863406408094434
7,36,265535616596129881296915451937885298073,0.0003372681281618887
7,37,200996489487206073218466930886521731693,0.008768971332209106
7,38,250717595890065035814897601578766335356,0.004384485666104553
7,39,290181204033024587490697882749099806198,0.001011804384485666
8,0,64858675194764099897930481784862006159,0.0009668063164679343
8,1,271408357487551425399007488119259471230,0.0003222687721559781
8,2,50922875491560260021526895451905412857,0.0019336126329358686
8,3,117063022596553866290852032769024987142,0.0006445375443119562
8,4,19398302982141711005128286250365739281,0.0009668063164679343
8,5,98116139686064839544181482671049252074,0.0006445375443119562
8,6,28861726061072789207220909353003391627,0.00676764421527554
8,7,99014141143193595590716817755777929655,0.0009668063164679343
8,8,67492603816975412882030002693271397686,0.0012890750886239124
8,9,180702151063826704032020685075138908317,0.0012890750886239124
8,10,71153358169770462831816234263896338063,0.0003222687721559781
8,11,135911442003331595476804214386239633181,0.0006445375443119562
8,12,42241163682793189634322618991631869543,0.0019336126329358686
8,13,177066126394987946214376921092640701736,0.006123106670963584
8,14,294753525851919786260667688696648924493,0.0
8,15,32755854814993877258434139791673477916,0.002578150177247825
8,16,92080558352943232422179339573844808001,0.0
8,17,87473876825499666770567914212680207015,0.0
8,18,7690682946570021883075683723655595195,0.0006445375443119562
8,19,238866607533305077292405464336914483996,0.0054785691266516275
8,20,318224980516428066746295707071899734083,0.0019336126329358686
8,21,154311567164192437567464030240289304501,0.0
8,22,94645103500894686257273841045443143690,0.0
8,23,118381558252733064350739487859521298700,0.0022558814050918467
8,24,31983702426147488397940706087803572760,0.0003222687721559781
8,25,150342790612230099009285450861507226730,0.0003222687721559781
8,26,164394903474583070480715294293519010161,0.0
8,27,11621775174185722339769417965582475718,0.005800837898807605
8,28,216537137270664556806739696890129442097,0.0022558814050918467
8,29,264780024017259003110338520680278951941,0.0006445375443119562
8,30,248958558876682903219998712344419928673,0.0003222687721559781
8,31,212250642447875005269306343572843177776,0.0
8,32,265124518947903845572828957106546493537,0.0
8,33,92207296970811072216035155912175015613,0.0003222687721559781
8,34,50992574029493167752070032257408566799,0.0003222687721559781
8,35,106507602714073190773067912407446003301,0.007089912987431518
8,36,44881858710969358017740719771997880344,0.0003222687721559781
8,37,190486828133804806031781334040801552865,0.0006445375443119562
8,38,8740541009434665924622742619179222654,0.0009668063164679343
8,39,122349963062900682002464644159777595488,0.0
9,0,35285157002699224497649652583207109558,0.0037025609379821045
9,1,55130893615047610849010492721453726673,0.0009256402344955261
9,2,215258231677078341806863382103536979640,0.0021598272138228943
9,3,10327747970653470047511600804719257451,0.005245294662141314
9,4,210962818680531933310662547474817691383,0.000308546744831842
9,5,61865098366384489208753845179930492358,0.004936747917309472
9,6,209480050906568294681588732152829715232,0.001234186979327368
9,7,25787949113421966815932974559982370261,0.017587164455414996
9,8,6794411707972095542190248270284281107,0.000308546744831842
9,9,28033939996742391886591796202456114186,0.0015427337241592102
9,10,202236586294845523258966960226751202445,0.0021598272138228943
9,11,97327034824629333389679835001012194290,0.000617093489663684
9,12,139667655001139257996848388943670619994,0.000617093489663684
9,13,27458494843546893085142079309288032279,0.000617093489663684
9,14,180218130311680294136093876721750821013,0.010182042579450786
9,15,81609887667289609180411468937734844264,0.0
9,16,226020260590920819876797607185972267302,0.000308546744831842
9,17,138154271128677608841565140461248987953,0.008639308855291577
9,18,166159396699055847689123605161058128753,0.000308546744831842
9,19,207863441720264490158795153977920711526,0.0018512804689910522
9,20,266432066051244456897490881471494043710,0.001234186979327368
9,21,193342720215101553057071109440447391676,0.010490589324282628
9,22,330979913276035803395361841203266585611,0.0009256402344955261
9,23,52817551931670277064213322848829537583,0.0046282011724776305
9,24,155266792494007456490725281370429266246,0.0
9,25,294996606013134134493684952022150760306,0.0
9,26,180878662396766534398028221896725955960,0.0030854674483184203
9,27,279631709153400048931746039754827365789,0.0018512804689910522
9,28,151371255594286257104791050250942132384,0.001234186979327368
9,29,8853135145714368618615819619802935615,0.010490589324282628
9,30,203285471541874527175023812071003645037,0.0
9,31,33247240926619128688276081549174374883,0.002776920703486578
9,32,326427271730469061641337987625505402112,0.000308546744831842
9,33,185167516358710482959119318584227034815,0.0
9,34,171073977438401069938728242728189612738,0.000617093489663684
9,35,47466063272916730929333668528393954739,0.0
9,36,132490805672319537122967391466928574943,0.000617093489663684
9,37,142660255729085684772560887596132252233,0.000617093489663684
9,38,49869603719644213701540632486834672486,0.000308546744831842
9,39,286286700225819662944059571516142885219,0.000308546744831842
10,0,131668912730744048599498602353065677704,0.0017756732761171944
10,1,307167378420872657063186575386191381453,0.0011837821840781297
10,2,241314415108282263337620397035695820679,0.0002959455460195324
10,3,80227526147589796175491673521362325669,0.0
10,4,113783500433083647663391685535478187841,0.010062148564664102
10,5,307832307195684872222120336562131275479,0.0002959455460195324
10,6,73371009414389942096954982534116128993,0.0005918910920390648
10,7,264081700228399182961299443882930577563,0.006214856466410181
10,8,138260620461542617720761491019072103725,0.0
10,9,258657311995484375031027291282730332558,0.0
10,10,133632413371088851815393389664698670242,0.0008878366380585972
10,11,217910906583981935540051887668585272731,0.0017756732761171944
10,12,114119369743470807970360448404289517391,0.0011837821840781297
10,13,241375628332842941646565789198883015874,0.0002959455460195324
10,14,286122175325844997317060626833754029557,0.009174311926605505
10,15,337002114940765203959415095253712537902,0.0
10,16,313056300696301077965612054201509874501,0.0
10,17,13703059418584843206435586636023127256,0.004439183190292986
10,18,60737497107970648210719114183338007334,0.0
10,19,97415081423770405989975455807089997919,0.0017756732761171944
10,20,97566751176188453682026240217708509897,0.0
10,21,262517676333243687765682008065366843799,0.0026635099141757916
10,22,195179633252360965633108268974567216315,0.004439183190292986
10,23,267806462320437341469048128008133724664,0.0002959455460195324
10,24,236944609739536805242202620835540671682,0.0
10,25,189177545840863405800848722842350830125,0.0
10,26,204228820561922882250269888729989378533,0.0026635099141757916
10,27,46487224886376082473563276835928480597,0.0
10,28,149465472166801565906416534361332297969,0.0005918910920390648
10,29,272950700855338735028895501777380202963,0.0005918910920390648
10,30,305004819781008025148893059125100166722,0.0026635099141757916
10,31,140208649505324907494883092475841706217,0.0005918910920390648
10,32,147345011509599501671225051312376533732,0.0002959455460195324
10,33,87918634682451722172856471090479347710,0.0011837821840781297
10,34,68958652977403484794557291811535108599,0.0
10,35,140441152664481745864211731044839330061,0.0002959455460195324
10,36,106833770649729307923866332148891909543,0.0005918910920390648
10,37,267945141577521970180452922033171523802,0.0008878366380585972
10,38,27195505896286276522451217025924462286,0.003551346552234389
10,39,287357829481575187580897885538197274609,0.012429712932820362
11,0,58385581523830912950119021483777261571,0.0002843332385555871
11,1,97669848825842286970773673084640997070,0.00199033266988911
11,2,188122211763917017870100444504475283627,0.0034119988626670457
11,3,1818287691578822842443969766171192766,0.005686664771111743
11,4,39611306458379997395610460611691863940,0.0017059994313335229
11,5,239783335178647449579367217671539516219,0.005686664771111743
11,6,43516954046619417757061296180963897206,0.003696332101222633
11,7,311797253666460961849587748531432775598,0.004549331816889394
11,8,77621628110118586639442366208109645357,0.003696332101222633
11,9,174962438774159060483136022093931956329,0.0017059994313335229
11,10,272375877515325451912971807895022614005,0.0002843332385555871
11,11,288837809371170319706776870260811234464,0.0002843332385555871
11,12,10951217850306192800266202194922775339,0.007392664202445266
11,13,248033824616548455477666434147687836741,0.0002843332385555871
11,14,109919806778446268015332141658051055813,0.0002843332385555871
11,15,187102821845627347256636472454004471516,0.0034119988626670457
11,16,107678815788610994630256209164002852459,0.0017059994313335229
11,17,55107024399097908662276407513652782831,0.0002843332385555871
11,18,59759492758283806135501013445484831140,0.01194199601933466
11,19,294720297682916924595175411364860482604,0.002274665908444697
11,20,136433697299494398145146431245357104319,0.0002843332385555871
11,21,278151338816601885439288965828872933662,0.010235996588001138
11,22,72452963807345516189086444181073061040,0.0
11,23,214617094040211844034274274009427297504,0.00199033266988911
11,24,135581857943379755626645386734138362765,0.0
11,25,338088113270534635814013662068362385572,0.0017059994313335229
11,26,60770151216101120630791451947656706965,0.0002843332385555871
11,27,275207926925817583220956044680291748314,0.0
11,28,109249748047384349861212285165812653172,0.00199033266988911
11,29,143081445385187187417967774985365738194,0.0014216661927779358
11,30,68621934222149638691105256268535925372,0.0025589991470002845
11,31,233861391665396020590245367252595846963,0.0011373329542223485
11,32,303899970049831938273777017026994964227,0.0
11,33,163790549560368078108666269292007050655,0.0031276656241114587
11,34,175878115179681475807920373004010610386,0.0017059994313335229
11,35,229642600008535461926356044508987981850,0.0008529997156667614
11,36,39408830254726001702567776058294902391,0.0005686664771111743
11,37,139184706523890067484481424593822034750,0.0028433323855558716
11,38,145282033662970432877550254960643410645,0.015069661643446119
11,39,262570339000975331249029421037842340944,0.031560989479670176
12,0,176824537531771027956335474542363345204,0.00027359781121751026
12,1,151208598636063221132526726103230361248,0.0008207934336525308
12,2,108860759244545190422597256117225478661,0.00027359781121751026
12,3,28619777422671281500644181256584656065,0.005198358413132695
12,4,226867116270391654111165700655546563372,0.01149110807113543
12,5,186223192647349301068593008911961403294,0.00027359781121751026
12,6,41963291416993130407341382802733752788,0.00027359781121751026
12,7,272908959963917446395863224895384283938,0.0
12,8,286273360462123755080578883565269629817,0.0
12,9,190823852392374446740566126770779638954,0.00984952120383037
12,10,314927747036766730420749815726687835485,0.0005471956224350205
12,11,235004353751243097661475706015880037778,0.007934336525307797
12,12,164575397462416220747831273186252840233,0.0
12,13,15386278184751063331779256296286919857,0.0013679890560875513
12,14,206757345167268417063217983790165092540,0.007113543091655267
12,15,190002324030046858010069632329726578721,0.0013679890560875513
12,16,335509088188997357287716162859505289414,0.00027359781121751026
12,17,104862923900730599188650969403074564026,0.0008207934336525308
12,18,73066432656571897179499691476411054767,0.00027359781121751026
12,19,330975355688136382145217847122884759731,0.001094391244870041
12,20,88580931134073969353626631579004250919,0.0008207934336525308
12,21,237550721053461764672722985172289948044,0.0005471956224350205
12,22,289784464329026552486137153648111964618,0.0013679890560875513
12,23,75971824521503655737503281666841421157,0.0013679890560875513
12,24,286884197408775170674981781087181090534,0.00027359781121751026
12,25,267894270535894817858142496082935979812,0.0
12,26,138594493749767442673899914578035945796,0.001094391244870041
12,27,304544026753957485706114921778843922186,0.0005471956224350205
12,28,70135085863885612607686950488497723398,0.017236662106703146
12,29,236670420769217905246196576935559058272,0.0
12,30,262859930390436413279267367966944069842,0.00027359781121751026
12,31,260992607542451902521563282745259794221,0.0008207934336525308
12,32,143047214889652645373658189237104892135,0.0
12,33,237402785106823323537304147527463164051,0.04487004103967168
12,34,256224349649569104845134645022409909977,0.02270861833105335
12,35,179725128268838221752139143056266297234,0.0
12,36,100778895496088476152943811228010119830,0.00027359781121751026
12,37,332252806515865503556128099502743712395,0.0008207934336525308
12,38,147517690799643603751550837783635900502,0.0005471956224350205
12,39,169551367547338199873811365059932724833,0.0005471956224350205
13,0,141141017969694532742209968614666684123,0.0005272871078302136
13,1,273242183712566589835047622349347490119,0.10862114421302399
13,2,215026130082469675935674713948554336426,0.010282098602689164
13,3,787972094455481532373940986707709182,0.0005272871078302136
13,4,94105818932941693068890947771716688462,0.0
13,5,328213214665142831544879900237549827426,0.12865805431057212
13,6,207613084902066774399969886349844590571,0.13076720274189296
13,7,226283957849329744532694989340476858790,0.0005272871078302136
13,8,229131786209370008710976676594816593725,0.002372791985235961
13,9,180240174441700717653697422660852574519,0.006591088847877669
13,10,88469806499930821212915322309092901858,0.0010545742156604272
13,11,63710008490657724161219447469529899722,0.0018455048774057474
13,12,292170658763834428307317953829569200823,0.0
13,13,295569330045113219026423830653338226656,0.004481940416556815
13,14,310730785393299639147811253605034929187,0.0005272871078302136
13,15,180635939082570763208363446981740450392,0.2180332190877933
13,16,10965144454854424154393965461957936739,0.16398629053519642
13,17,66391669857775588831156526365763910204,0.0002636435539151068
13,18,333595665322945410658127243049401205073,0.0005272871078302136
13,19,286763145158015786228182213797498996818,0.0005272871078302136
13,20,236523919959334080627071376752578103820,0.0005272871078302136
13,21,97396400187715033447624485791653893087,0.019509622989717902
13,22,226579707198016222219689713174785681282,0.011073029264434485
13,23,32758464079611089088359043542885488652,0.0
13,24,134824768440784940092044055449864033894,0.0007909306617453203
13,25,43725849496677705034883100093651721126,0.010018455048774057
13,26,39127298278841896175224652593724403483,0.0007909306617453203
13,27,21579495421678022321494821497706640113,0.019773266543633008
13,28,25969846562841098185953125427938659457,0.001318217769575534
13,29,242809504977878074662136847438305949437,0.025046137621935145
13,30,83760244239992827568842675061355843471,0.06802003691009754
13,31,65776932553938085020510033862899338564,0.028473503822831533
13,32,311670785788508697536596271645519027854,0.030055365146322174
13,33,159050660171689245374052600142946575469,0.006854732401792776
13,34,33430455592333930240345110096760526028,0.05009227524387029
13,35,164258797845140161674804619186574078527,0.02530978117585025
13,36,21279498525449943914707863725829117698,0.0010545742156604272
13,37,135224017532116968204335101174280749226,0.003954653308726601
13,38,283331913224999070985511350882452512247,0.0
13,39,286286595627283835346347641984613110385,0.11178486686000527
14,0,261470354008037751775052860793241445047,0.00966675146273213
14,1,172620208097400005072239360179527929247,0.0017807173747138134
14,2,243904219758021304558090085787569340384,0.0007631645891630628
14,3,215758543405429799019376364461980307264,0.003815822945815314
14,4,26698708448345377048503875544538585705,0.0010175527855507504
14,5,71873004681740179130739102852967701967,0.0002543881963876876
14,6,125513398675031635667976221542247418446,0.0
14,7,52521499102964747984167629708778504844,0.0053421521241414395
14,8,225131677657517522177748555491898501347,0.01933350292546426
14,9,42830790977251148045705159890475483339,0.0
14,10,220569871763150026271895057463298795162,0.002035105571101501
14,11,339352903777022230839310710899100019849,0.0
14,12,264546448266084116438751870282591754655,0.004578987534978377
14,13,253901015205699140692170095890790429061,0.0007631645891630628
14,14,231949053603073493845030629761812990344,0.0002543881963876876
14,15,204803256279233744657882999247064026048,0.0885270923429153
14,16,48705160573460905272234730321738524603,0.0022894937674891886
14,17,190011076352352169781283327575247574787,0.0005087763927753752
14,18,301649540115573594522142163045513805408,0.007631645891630628
14,19,161871607538833451672522184399120368392,0.0
14,20,145169799618618947992045729334270702504,0.0025438819638768763
14,21,308953486388557013451197824607773450969,0.0002543881963876876
14,22,286699833027616028727300888059228982143,0.05647417959806665
14,23,182120776275411902649352738170720597647,0.11193080641058255
14,24,163017080331733379382534932107087319681,0.002035105571101501
14,25,92216543646736559847979187252532318320,0.010175527855507505
14,26,27139330722493479061538709999779906100,0.0002543881963876876
14,27,237374866805453078818556531745033584496,0.0005087763927753752
14,28,192916089207250629959709729284931292924,0.012465021622996692
14,29,116141190440448329646884336867352980539,0.0022894937674891886
14,30,71063198172488407537474797728953222832,0.0015263291783261257
14,31,316582726846802810972609287867342495217,0.03434240651233783
14,32,104175183868973522600105704559387425609,0.0002543881963876876
14,33,1798253593328984675845604651107622906,0.00966675146273213
14,34,7451347578666046123131420931320187482,0.0
14,35,192904689527175524071303828212358881352,0.01831595013991351
14,36,165491792699650211968442204484292162451,0.0012719409819384382
14,37,3498247566962167603871522818350635581,0.17120325616891377
14,38,273569388972135706149632882035759531680,0.010429916051895192
14,39,141634268560462730451532904775958060539,0.0005087763927753752
15,0,155433506025794267824775413968899229135,0.6954277286135693
15,1,38210268177861871431322640443196959420,0.0019665683382497543
15,2,79757525512878377524967276023756423163,0.0004916420845624386
15,3,331032098989596747047246316431555980620,0.0004916420845624386
15,4,182717884787993254313326904104158825890,0.014749262536873156
15,5,122801491503498359193076225950214792185,0.5014749262536873
15,6,100371188382359455557736580329502542267,0.0
15,7,13051600201948330847230728776898072968,0.0022123893805309734
15,8,288625433664866500529310255765062313200,0.0002458210422812193
15,9,244163677553447792243433029598650418365,0.0
15,10,147296413544598434356842408957844440211,0.029498525073746312
15,11,100218132374256332311992994502730559699,0.1976401179941003
15,12,288532979583676221939903462531816344906,0.03023598820058997
15,13,84956166917938721406242180266882977229,0.0002458210422812193
15,14,267382440126185221773939680461051403248,0.15265486725663716
15,15,169037113826097569387980594239597014867,0.0024582104228121925
15,16,264133484135615363730258554664288395691,0.0007374631268436578
15,17,88969837351993260308091675530321750266,0.0014749262536873156
15,18,106485664560891176933695105844390726987,0.0022123893805309734
15,19,175186544387733504517687165218037823359,0.011061946902654867
15,20,137383190824875928284585511689956058020,0.01696165191740413
15,21,165639729379791681780258539626050674307,0.4019174041297935
15,22,2187608759304611824129239201071258694,0.001720747295968535
15,23,153932616172859642383226887668703110854,0.0004916420845624386
15,24,192501444966364260181641176698756664914,0.0004916420845624386
15,25,228252702055774483513797608890682772306,0.0002458210422812193
15,26,328751647152334556051545744588929168209,0.004424778761061947
15,27,9462594657035310994966256943994962415,0.025073746312684365
15,28,271196955746965637812622286073668809317,0.0
15,29,176620540231742118767583717341733449906,0.22099311701081611
15,30,41903136557902023883054854642228326746,0.0004916420845624386
15,31,306946474472408716716913985651555018398,0.0004916420845624386
15,32,168149343127602438057209068456864524435,0.0676007866273353
15,33,239507271223051896252818365908868410627,0.018928220255653883
15,34,223622768350370406846451414161553305873,0.5646509341199607
15,35,138524731511688402245434540566829859963,0.0009832841691248771
15,36,221739443407305798896311177014922856187,0.0007374631268436578
15,37,53756385380688765361502234208466691588,0.0
15,38,82520871118890043107148515775707112571,0.0
15,39,136836482488142882392265065667502198440,0.05703048180924287
16,0,288017394664475047706257758918558546672,0.009985734664764621
16,1,279273095525869772077261777580607994215,0.00023775558725630053
16,2,63284373258023343029982152914312000477,0.004992867332382311
16,3,319981468516821320465764835936067247548,0.0028530670470756064
16,4,115658045439938169338838476938566788068,0.0016642891107941037
16,5,136637779199370495729498253108652123827,0.0
16,6,224505072989827999536599468636702764426,0.00023775558725630053
16,7,287494334360933759689117807826651769175,0.0011887779362815027
16,8,74966243962689183312289687656624214299,0.0
16,9,126543739377132591648836304020772102825,0.07869709938183547
16,10,2263576481812873276247740271881932059,0.00023775558725630053
16,11,122206301553352689493302869909883347214,0.0009510223490252021
16,12,298034435503090776504675530251779992368,0.00023775558725630053
16,13,274513747652922031230226783444519015432,0.00023775558725630053
16,14,182634755544295378866120931079468240508,0.006657156443176415
16,15,4032353475962948413311394054190408795,0.00023775558725630053
16,16,284928842328889352038607512100352628260,0.0
16,17,282920558957865312047881549074999629098,0.16833095577746077
16,18,48800507695955681227585321910984543954,0.7620066571564432
16,19,209878013634956896751034576817469967980,0.0042796005706134095
16,20,40128688321225869446647239148493373127,0.00023775558725630053
16,21,109830873923447840535092350986371383420,0.003090822634331907
16,22,139785834067507009729663087431110321462,0.004041844983357109
16,23,135959703476160794818521889616310986716,0.0028530670470756064
16,24,273552813984263176811298143919951275855,0.0009510223490252021
16,25,266942508130389783044618523231930982295,0.8126485972420352
16,26,42389154280134395405716794860435624808,0.7793628150261531
16,27,223113332057777905459991101721649740642,0.00023775558725630053
16,28,289744113123267701209158872910085109562,0.0019020446980504042
16,29,163994932799631361958936822558739357870,0.7360912981455064
16,30,144150026971065084347986646078130073749,0.6754636233951498
16,31,101978766507595966099406547173766619083,0.00047551117451260106
16,32,309549589242141250535348865993641360335,0.005468378506894912
16,33,21952638832075495471354549606220334063,0.00023775558725630053
16,34,102381618359825373831337761982324386930,0.0009510223490252021
16,35,40479200952763849825160065749761680695,0.816452686638136
16,36,246190161071256531860427611790086126338,0.00047551117451260106
16,37,133426197132609171487758786051815433278,0.00047551117451260106
16,38,15451633887320276451738120765961796198,0.029481692819781264
16,39,51826379486287879552209864457050136398,0.0007132667617689016
17,0,253742694124561427195479667529811873289,0.0
17,1,159859959924755562160123453048066130723,0.8204419889502762
17,2,166028334212310061872855677492499522038,0.0
17,3,10588634281727324043288681421917841762,0.9033149171270718
17,4,249970687248113798602553247911882277344,0.009668508287292817
17,5,139055663910813143858290284113670902377,0.0
17,6,223319068701029557075436726584189288154,0.8846685082872928
17,7,323705422756520714958759290670556360968,0.0011510128913443832
17,8,25759514395804670004812970741936753542,0.8609576427255985
17,9,185066022149996074338192094421249981989,0.0
17,10,25420818615841554844557167922948397879,0.8784530386740331
17,11,297347435158853856478836184264167478399,0.0
17,12,68195090035739014233844124935719353153,0.0020718232044198894
17,13,187770826041338286348447639399611839505,0.004834254143646409
17,14,301770479372887621505775861592683529396,0.004373848987108656
17,15,66253621440195314364703910299196144564,0.0013812154696132596
17,16,22243487320733069362602996653140730441,0.0
17,17,253011405135179883190489974095091864870,0.00023020257826887662
17,18,86490486355146061817326851245939757568,0.0027624309392265192
17,19,3503469327569126308024468875246307168,0.7691068139963168
17,20,333207137604331964190844370722254103673,0.0006906077348066298
17,21,296499438984998922918777556507204281905,0.0
17,22,256592046804771198470229676674029580498,0.833793738489871
17,23,324947307618706144151023091763763372083,0.00046040515653775324
17,24,8379983746956282193307372185006486626,0.8667127071823204
17,25,306141310965470792615829879845568756798,0.01841620626151013
17,26,52901359435548565046391048591482452573,0.0006906077348066298
17,27,165027187215069909228528436162150155689,0.0006906077348066298
17,28,147510163688590939723836655699981136340,0.8248158379373849
17,29,311184044870114457289134606862940618929,0.7578268876611418
17,30,124548690681974655313942475212041988938,0.8450736648250461
17,31,56722063348217089574695495340112016319,0.16896869244935545
17,32,310642472732599344365492526894343769962,0.001841620626151013
17,33,202742091589577281889354601806980690502,0.852670349907919
17,34,199991352711919887925350962818105789477,0.0009208103130755065
17,35,114021392732717357132096829419271702366,0.8655616942909761
17,36,241596647167346611413371274843173334189,0.0027624309392265192
17,37,144912915029807034859793409411038645603,0.0011510128913443832
17,38,18022568615851440229059445064632861495,0.00023020257826887662
17,39,310043303912143483330536342778896816787,0.00023020257826887662
18,0,287274065517519051231383634524194966023,0.00022311468094600624
18,1,237543107776535056111740274314169481878,0.9379741186970103
18,2,205541362593325934905753525225889590382,0.009817045961624275
18,3,114087301194791401807434595201925398491,0.002677376171352075
18,4,272739571728602095020685010684808759801,0.9027219991075413
18,5,199299774329107886001202596994264072148,0.002677376171352075
18,6,207872310293154813610096059306266995722,0.0015618027666220438
18,7,336533023245615769731617234255813211337,0.9419901829540384
18,8,63518311202382721688713801647102891232,0.9069611780455153
18,9,231761932602081531626884657913519931213,0.0
18,10,244189000453679366830773269887422077765,0.0006693440428380187
18,11,201498090850452751932468231656749992249,0.004462293618920125
18,12,259903475282114258763982175419209484804,0.9170013386880856
18,13,227407117491456089845801578551987049425,0.000892458723784025
18,14,6282532207833601216552444930683277505,0.006693440428380187
18,15,118803237168646176313387798082671605167,0.00022311468094600624
18,16,266207088385073462828295158761896579879,0.019187862561356538
18,17,21101243329611771017253464545663590926,0.00022311468094600624
18,18,297305081610957910562659530762840666015,0.005131637661758144
18,19,226467687665506212820084285845754379357,0.008478357875948238
18,20,75652152128915845914018998557834410376,0.00022311468094600624
18,21,222964082568313106735233866646650349692,0.0004462293618920125
18,22,280047219502819062717548968156999354659,0.0
18,23,247217990693647593527638119782638219625,0.00022311468094600624
18,24,77093051091127976542941310560506480862,0.9364123159303882
18,25,224938241452202523356229252949446677913,0.00022311468094600624
18,26,33586228152118574598584942760521162922,0.927710843373494
18,27,210435611177119965288453986364448011270,0.0004462293618920125
18,28,254241598462270052811448029818239479959,0.8839803659080767
18,29,197942928950461560311401439261130284324,0.004239178937974119
18,30,277606772126749251297520723499743971946,0.008478357875948238
18,31,140935468124521604459565192000171790783,0.00022311468094600624
18,32,59574204602068608508676656385515796560,0.9424364123159303
18,33,180014338161107927443575959085884430059,0.9236947791164659
18,34,199916438015001799146481747229452370682,0.0015618027666220438
18,35,291539878124216640074549063164537958691,0.0004462293618920125
18,36,324018647435806693159290843494026332205,0.00022311468094600624
18,37,267573974148557767931172708218297225393,0.8875502008032129
18,38,280444576038191104324433875286501646874,0.9141008478357876
18,39,45367284880263228293345510797574155189,0.0
19,0,261135446751501832425758520149435690000,0.9424242424242424
19,1,56004048252155423437456622097784905474,0.002380952380952381
19,2,212850265926112315616189982013114896405,0.8348484848484848
19,3,299213169030384189484630449874183988181,0.00021645021645021645
19,4,32716231977165203721631611151755295187,0.0012987012987012987
19,5,75031432254710024654606603020928179048,0.8952380952380953
19,6,339359473246386906509518781986312291096,0.0
19,7,75127057922228908479270738031622356251,0.9567099567099567
19,8,307563519093815083309823989728916764627,0.9054112554112554
19,9,139436171542106946605135277530001956697,0.8686147186147186
19,10,40283255480350314409812464497420194488,0.0
19,11,152937117885180857918895645228666439531,0.9383116883116883
19,12,31982014722233160294379829812914101958,0.930952380952381
19,13,305588462225810682667903682707313625376,0.9214285714285714
19,14,111929743578203847886564585334792168161,0.00021645021645021645
19,15,197900353123866415918721545748802791651,0.9409090909090909
19,16,228369905495022511529472213422349743472,0.00021645021645021645
19,17,45309034369861838406075744193419725607,0.0
19,18,186133251335029187072498447622322443016,0.0010822510822510823
19,19,161499638711228164141997203242939944864,0.047619047619047616
19,20,188829435231490113255180897145245934754,0.0004329004329004329
19,21,148224201451816573777919138237839150220,0.0015151515151515152
19,22,263922483971323455730642577926953416186,0.004329004329004329
19,23,46088770857583681697570566961462852150,0.00021645021645021645
19,24,169415354342136960320077981892422483303,0.0004329004329004329
19,25,41240439983301474315673842683256530517,0.0030303030303030303
19,26,196316713959749557360384792877737801210,0.9158008658008658
19,27,247961933811020003499081748931093288566,0.020995670995670995
19,28,289735384271002390963004783521646925195,0.00735930735930736
19,29,119087349409524300638999088350699181015,0.006926406926406926
19,30,118256656910533966280087431292549449329,0.0017316017316017316
19,31,293592228716096877359637523418318836574,0.00021645021645021645
19,32,77025259161188356451273105040285912338,0.9292207792207792
19,33,227867757760724748820292715725569671971,0.00021645021645021645
19,34,198475311385910812025646365589006173540,0.001948051948051948
19,35,38384447682565091335200947425670284912,0.049567099567099565
19,36,220909604797282441238015910921500714238,0.00021645021645021645
19,37,31767777750289665943549369813313132596,0.00021645021645021645
19,38,244272349923815344078164295725714095033,0.0004329004329004329
19,39,339818728812960369031250748066121060182,0.0021645021645021645
20,0,221576176498769363305790851630406961866,0.962379150903741
20,1,288718790559085456178237670340551775211,0.0002101723413198823
20,2,228512425172920881326173443049100247561,0.9602774274905422
20,3,299761975426373894958270962003866091546,0.957335014712064
20,4,265213284169952004486273286097201844933,0.9604875998318622
20,5,303992942003760027474547100557408700235,0.9577553593947037
20,6,198417319004688454039073261132107606033,0.9548129466162253
20,7,149218149983744743328366456233017957645,0.0002101723413198823
20,8,267574509642947850374570022678725142280,0.0004203446826397646
20,9,325978117389290061421415481314552184414,0.0002101723413198823
20,10,53499566252876003342413746016196194209,0.0018915510718789407
20,11,162362522454810371729100757520882231777,0.9619588062211013
20,12,203690567954571706565187073429132897253,0.9382093316519546
20,13,317351633858503883267130919871660586452,0.0004203446826397646
20,14,60691008013538064044439325399592866477,0.0004203446826397646
20,15,104412674463988259097309252179308807798,0.9644808743169399
20,16,120165541103765709506020380661647784770,0.9617486338797814
20,17,191355209299969259885661543638650064070,0.0002101723413198823
20,18,234838268832079990161771475013142060265,0.9592265657839428
20,19,200130290000951783954892662029709248959,0.034047919293820936
20,20,59808331408376502983116786681748239226,0.0004203446826397646
20,21,67622647201768168562165650990304353768,0.0004203446826397646
20,22,334221728699561137291868756494263879573,0.0
20,23,289866515157634882421924637768657095315,0.9569146700294241
20,24,170030602732333181777175663509722231012,0.9817150063051703
20,25,72371350787114382674916178707722304713,0.007356031946195881
20,26,3673881924356271457334192315882680846,0.0
20,27,184481082291445488452542626348779920093,0.9672131147540983
20,28,167847073127681540591950415760120370855,0.0014712063892391761
20,29,22867903874291820054587886304054939006,0.9506094997898277
20,30,321653293244999355175007250131641593495,0.0
20,31,310883922814884685261320077044481058011,0.9726775956284153
20,32,133126556067832400976108198122139597612,0.0004203446826397646
20,33,275124539532133688712611776364395508858,0.004203446826397646
20,34,257721801512144862122447467527512380873,0.0012610340479192938
20,35,70487450956343469996258869428701163613,0.0
20,36,101975125373106007820723663306544139970,0.9510298444724674
20,37,138353895590980889173152075645773433406,0.0
20,38,184238586078009257552144920298996953931,0.0002101723413198823
20,39,164663646144527327306822975109012827453,0.9569146700294241
21,0,283998961243051929705917356074110012157,0.9724264705882353
21,1,224942643822410652231636314448114407423,0.0006127450980392157
21,2,10299444046472186931193308894186396451,0.0004084967320261438
21,3,63761914834357822855594463103632346861,0.0010212418300653595
21,4,271908947663878408029689456505062017975,0.9734477124183006
21,5,130209646978245188458799085889545443993,0.9662990196078431
21,6,61863893563572112213174743248579160156,0.0004084967320261438
21,7,155431302607616791607992462219171585965,0.0010212418300653595
21,8,155360493602023313832740949516558826951,0.9777369281045751
21,9,73003366961530676527344366949123373607,0.9389297385620915
21,10,134899258299884407956790865127477199835,0.0028594771241830064
21,11,267778791855382197548110768552845281675,0.9667075163398693
21,12,122937141954642329741536557425960316468,0.0
21,13,8272653892550959990839473678473347535,0.0008169934640522876
21,14,58537470469407302823948859691569701176,0.974468954248366
21,15,242054852280030913618967069341028613483,0.9738562091503268
21,16,300231073762918193467305942570981387983,0.9720179738562091
21,17,50004080171931097618889476878090390606,0.0002042483660130719
21,18,76079207739659792941926436940413915748,0.0002042483660130719
21,19,173320451170244026722289386113310355224,0.9799836601307189
21,20,104030906983505526086426591781521776360,0.0002042483660130719
21,21,208685244326367918661198488808294739113,0.9507761437908496
21,22,77134925439829603397474412861764447240,0.9650735294117647
21,23,305024176447138662357089300174077195295,0.0004084967320261438
21,24,308347893685685578271137519376840322193,0.9618055555555556
21,25,164884609265412669675506620442426474432,0.9585375816993464
21,26,177065392409087465018404784387671382162,0.0006127450980392157
21,27,79940534452800743274385665662404366651,0.0024509803921568627
21,28,105735084220079145113723378095477282213,0.9740604575163399
21,29,166405826102423327606461559686780119160,0.9808006535947712
21,30,333965832534572285903441760635596145023,0.9438316993464052
21,31,8707667432804119539381497554505863541,0.96875
21,32,261742549080170746547445755059873217489,0.0012254901960784314
21,33,180756940631613301575071420379531143287,0.0014297385620915032
21,34,195464118452630867250151538470349732049,0.0002042483660130719
21,35,64774289745849038018351619375897038387,0.9685457516339869
21,36,196404726524172496847322509802761409471,0.9761029411764706
21,37,160601195663705700417389664026358502117,0.0006127450980392157
21,38,310697767761797385425713957130905694754,0.0002042483660130719
21,39,96706231464555318519669113982909926215,0.0010212418300653595
22,0,331847464673783499901675052766377431294,0.004370282081843465
22,1,200804903365776322337757652013413712330,0.005164878823996822
22,2,291679906766193578137835956152655793780,0.9835121176003179
22,3,226796489281290038711796197480207253345,0.9763607469209377
22,4,283819976906354014740837777707865713885,0.9751688518077076
22,5,200774507352445255007287910802941139889,0.9427890345649583
22,6,9098510594018776111697236975066780231,0.9789431863329361
22,7,8248266561122571071544122395470199232,0.0001986491855383393
22,8,301220441501343795986328125306514611120,0.9785458879618594
22,9,246460304909084736906476576947642457192,0.9835121176003179
22,10,179164662157243216728919163660384991407,0.0005959475566150178
22,11,201284495185355535155386815151186412349,0.9866905045689313
22,12,134552257480968618374747698570949775804,0.9817242749304728
22,13,200185818927463144288529221924462264592,0.9731823599523242
22,14,249296825632288868380098365190747292413,0.9753675009932459
22,15,89011337306372426400857311534761908275,0.0001986491855383393
22,16,292662113911847031600003257957839422367,0.9785458879618594
22,17,20771402425659187444953690575412942131,0.0023837902264600714
22,18,231166314390898937657440762583640106730,0.9797377830750894
22,19,243247336551173121990546888774991246472,0.0009932459276916965
22,20,259630539277997777392979444711107561487,0.9837107667858562
22,21,157719875345678322422645457744948680224,0.006356773937226857
22,22,246759539307808089480246750325534295261,0.0007945967421533572
22,23,103734516999973094974260803536274799019,0.0027810885975367503
22,24,46487861922630249315265311550274293338,0.9741756058800158
22,25,155452237396870941525230968899972753671,0.0001986491855383393
22,26,75172342814823111264202536921546435611,0.0005959475566150178
22,27,21962974316684678861679689378521249965,0.9880810488676997
22,28,60245544273099862683721316272407792726,0.9713945172824792
22,29,151034051274681844345242176673669831581,0.0
22,30,192814282483779167934314588828320795751,0.0003972983710766786
22,31,69997268859870984489468534727482049135,0.9741756058800158
22,32,170981463085073517263019688247740031963,0.9773539928486293
22,33,62855199557064435439431182846684078301,0.9819229241160111
22,34,310162577974809295974853966047305995344,0.9682161303138657
22,35,318827788804345300190492716943159777337,0.9717918156535558
22,36,231901540591186177141652476648682740411,0.0
22,37,201282114910026571182493167605924374548,0.0001986491855383393
22,38,220496014036267913734133685886344938607,0.9845053635280095
22,39,184923151210177243733304655510699004838,0.0001986491855383393
23,0,107902367051355620631367773394518739394,0.9845320959010054
23,1,254294557820333055522927625555716463962,0.0
23,2,44905381862115678139511615943509505616,0.9824052590873936
23,3,121762791516154575459359133112597749724,0.0013534416086620263
23,4,211363111848877805923510226298894998320,0.0003866976024748647
23,5,190877834141465692097369721851563428780,0.9833720030935809
23,6,182739139888712548829586214798647608555,0.9847254447022429
23,7,98207070644008031083532504741672142415,0.00019334880123743234
23,8,48169217171342031721372049080138066485,0.9854988399071926
23,9,48464215414072435489968917520585243919,0.9800850734725445
23,10,201104974853068587675642728867986692776,0.9650038669760247
23,11,141447643677816029579567157343447180013,0.9847254447022429
23,12,313634519534027427871622791556563014370,0.9818252126836814
23,13,218939114361893656167438510999585086032,0.982985305491106
23,14,290131649256298706382663678973192929820,0.9827919566898685
23,15,223453487286970978236528737477594350476,0.9787316318638825
23,16,60772626838373711960969793745916738807,0.984338747099768
23,17,3142803932747265257591886499956087136,0.9876256767208044
23,18,135578329351847665435586433244484976391,0.9833720030935809
23,19,221214910695632738570554017497621649778,0.9885924207269915
23,20,91349397124885475404958815140336739306,0.9835653518948183
23,21,251208935551952935081437231194791622334,0.9853054911059551
23,22,2323685328431001484277031946425592025,0.9878190255220418
23,23,67792394804648676133384848467192888100,0.9860788863109049
23,24,282468569718993489693751534136952884562,0.0003866976024748647
23,25,310827919960607906596353468255436423726,0.9796983758700696
23,26,112446153375344856245456454037387810428,0.9769914926527455
23,27,140290787876796699086322989344604563028,0.9806651198762568
23,28,302972863351462712865913574394232730675,0.9804717710750194
23,29,326300990712081368206150182591459494025,0.9827919566898685
23,30,327795762982352885941684487900901359516,0.0009667440061871616
23,31,11716942337501827457231996756546914869,0.9847254447022429
23,32,284542310916934888289195391512066476412,0.9878190255220418
23,33,97227787817850281996821112108982796601,0.0007733952049497294
23,34,101244460146212396590484345595104418044,0.00019334880123743234
23,35,118434612553978127979264085801028331387,0.9698375870069605
23,36,331321112152759584395252054424958338871,0.9853054911059551
23,37,95834308965871703891384287565277709204,0.00019334880123743234
23,38,34268379935430598733247450698019488557,0.9858855375096675
23,39,270927579136400792135650377973949828174,0.9822119102861562
24,0,243136332069209450530579444863270913148,0.00018832391713747646
24,1,338849523106592479525277864914830103401,0.9834274952919021
24,2,317735583198162058282500607768170761525,0.9847457627118644
24,3,61687637080057013412366342261049430905,0.0
24,4,264492950188355063392623896507554223526,0.992090395480226
24,5,310660869607025825471285071106623609437,0.9898305084745763
24,6,325020630954116922042060132966964285221,0.001694915254237288
24,7,235509811718995939904097792614076843327,0.9858757062146892
24,8,30859027404226177918417860236180721170,0.9860640301318268
24,9,187618669014648941769961434278927068643,0.9898305084745763
24,10,283660309927997877485899190738350946247,0.987758945386064
24,11,111745368634566701935765126136387680181,0.00018832391713747646
24,12,215985259322233356890348840041504538374,0.9922787193973635
24,13,287451651963804021204036159989270257684,0.0035781544256120526
24,14,32895274979743587153253647915948719961,0.9903954802259887
24,15,108936409342574137828787016633492080051,0.0003766478342749529
24,16,134376906178125028704419895490208869645,0.9813559322033898
24,17,49604442532675960756908501658260089146,0.9900188323917137
24,18,172734119027633528919585153867141121799,0.9911487758945386
24,19,26283140655096697324887538006062119332,0.995291902071563
24,20,142694256607460190512619093065216558239,0.9956685499058381
24,21,182064279347989944042710739315602178959,0.9883239171374765
24,22,22866461613828190108970708298301051282,0.0003766478342749529
24,23,250804443644248707659038737926050061812,0.9789077212806027
24,24,117945827812796430090026455471786476158,0.9845574387947269
24,25,337068639422710043256154576053699248460,0.9932203389830508
24,26,176185302242827953009286467434521350756,0.0003766478342749529
24,27,284036188256001864545047162519419915126,0.975517890772128
24,28,190318186275781703513840889250419940619,0.9711864406779661
24,29,60865197262074595033486554467130198087,0.983804143126177
24,30,105969175356762753982091983734700727851,0.9860640301318268
24,31,115381681963557337747734512950407170245,0.9930320150659133
24,32,94643905968780003527394643672199181280,0.9813559322033898
24,33,295857655052872214340284925549515475582,0.9887005649717514
24,34,309734505670369323584694054851307303580,0.9903954802259887
24,35,20748948778219604928179959405919494311,0.9854990583804143
24,36,330388137248886507945489152357799849670,0.001694915254237288
24,37,326766535678440607063068703763658303459,0.9813559322033898
24,38,258031535183426618934494275392688032866,0.0003766478342749529
24,39,136852709925122079371271834469755929654,0.9883239171374765
25,0,229774145502414559214931385506277073894,0.9955947136563876
25,1,86504709515317082229969620037245469272,0.9897209985315712
25,2,95556118492488262575546230369369206013,0.9933920704845814
25,3,119217260383236375843680037563279398299,0.9904552129221733
25,4,322563426686716354389461805506658869819,0.9904552129221733
25,5,298441271387277382388486856528422524704,0.9899045521292217
25,6,96710030631282521440772222713266248575,0.9915565345080763
25,7,61827666929179790423008879474604696000,0.9915565345080763
25,8,200554042810626497897351510445724548038,0.9919236417033774
25,9,239614750666752619610715191347257414708,0.9895374449339207
25,10,28959030589430670901763027676183854178,0.00018355359765051394
25,11,191846991981690067605658530148424081220,0.9866005873715125
25,12,193380143928544971952238822671707309053,0.9873348017621145
25,13,174494755834239249403834345715563222324,0.9882525697503671
25,14,62808784290448017614525964861882719204,0.0
25,15,56789257085031740934739455028669431962,0.9928414096916299
25,16,172043265695670224228591716582685360736,0.993208516886931
25,17,44031289660123396371492646093109228266,0.9954111600587372
25,18,292404978686291566283963325698934866570,0.9781571218795888
25,19,142211619276637637118265290218002429150,0.9928414096916299
25,20,178143613631056404019697008351877972379,0.9917400881057269
25,21,89898065104150012027674774529450537560,0.9955947136563876
25,22,59360641004655049383706690804879537174,0.992474302496329
25,23,63882430285795148562895369908771077467,0.9937591776798825
25,24,54101512976756332500263008952908853019,0.9922907488986784
25,25,129142089981319551921352798066948849547,0.9853157121879589
25,26,315008167697742501626760372335679347767,0.0
25,27,75027465787779280907516858778114917193,0.9864170337738619
25,28,80870846426976242559147656313165631489,0.9972466960352423
25,29,50492542544341876187682172650452982445,0.987151248164464
25,30,312658155933314298270832295658505184641,0.9853157121879589
25,31,64021867464604808598480667793904531068,0.0003671071953010279
25,32,308278624732881121536941103369246992203,0.9897209985315712
25,33,224220423007820880263815689211520798588,0.0003671071953010279
25,34,82603337860015467746747064939565305271,0.9944933920704846
25,35,299700643275114338956619461248921627642,0.993208516886931
25,36,316141972342293737054668397585786817407,0.980359765051395
25,37,322931642911817403401344677009168496524,0.0007342143906020558
25,38,213911907976870925533045959572341448275,0.9858663729809104
25,39,238262690136399991022705723177649884492,0.9886196769456681
26,0,204511735947329290007054309288896756170,0.0
26,1,2437774231940189711887874192216896076,0.9906910132474043
26,2,69769648811155110053313399108263358198,0.9971356963838167
26,3,202041302572680009181900141738231993810,0.0007160759040458289
26,4,219693309502304266553884091086887120284,0.994092373791622
26,5,188790968652972353553735401002815827963,0.9935553168635876
26,6,87126786314527049332738022386694780753,0.9969566774078052
26,7,223280668870884632073982756988834985587,0.993734335839599
26,8,219271478510372269648268396276625874279,0.9942713927676333
26,9,81989047451072410676385779000108085817,0.0
26,10,277777856989985583444447168241325032486,0.0
26,11,211612887381351751754244456821987966710,0.9926602219835302
26,12,321388061162748211313608831968107969883,0.9951664876476907
26,13,309985570481315799352175750173216968628,0.9944504117436448
26,14,92629598755309894866969272661514006205,0.9930182599355531
26,15,334456678473675849612419861270799713669,0.9948084496956677
26,16,244507597366767967391588785804689285144,0.9906910132474043
26,17,79083696351485531810464450054257662394,0.9906910132474043
26,18,72754216292408648041334943369268667181,0.0007160759040458289
26,19,112784844268444104620465222597061228669,0.9930182599355531
26,20,314817935426863985961334193378796855465,0.9951664876476907
26,21,20761651162675294769832331145983323962,0.9939133548156105
26,22,99776013451842778907858299498293178636,0.9957035445757251
26,23,266630224816118544950967946872962802278,0.9971356963838167
26,24,67838528912091897940033583610354518119,0.9933762978875761
26,25,35860752049531575140149460433995913300,0.9923021840315074
26,26,195354358705361109414170491750077550730,0.9933762978875761
26,27,115588964362177273201414944001099318785,0.9912280701754386
26,28,148485314527207739752046817022298547977,0.9965986394557823
26,29,228594840758579132488795684260315339950,0.993734335839599
26,30,77305983153457159642701632779112764778,0.9955245255997136
26,31,12419036367158208143214050262921952085,0.9957035445757251
26,32,203257810409015695524904773198909736775,0.0
26,33,271183827547357684880453035247991234549,0.9931972789115646
26,34,170701568550860496571266189098292380560,0.9935553168635876
26,35,128334426025129656089310366160978352993,0.9924812030075187
26,36,162650411536358274608277986778756795866,0.9957035445757251
26,37,299843674264279658622975425191710755824,0.9915861081274615
26,38,245937462410844685530479391863687120346,0.9921231650554959
26,39,308598230789622665663033293266912260496,0.9824561403508771
27,0,113576076908686283901761993456756449283,0.993885394828791
27,1,259844109388766328847602306977576778317,0.9924877707896576
27,2,220800112823331856714681424076637601587,0.9965059399021663
27,3,91187691676377520915123619754965955951,0.992837176799441
27,4,322324186845512268218725733967701508384,0.9945842068483578
27,5,116019756366228980866378084350374639853,0.9912648497554158
27,6,237011553621797659531937941412113043141,0.0005241090146750524
27,7,167770045796285905106288346050497549392,0.9898672257162823
27,8,282895233256408362525475429660626651320,0.9919636617749825
27,9,24550191065252416097634410629041550350,0.9958071278825996
27,10,329462600533138694965347621378350005115,0.9902166317260657
27,11,258113256802952603974823888429959530565,0.9924877707896576
27,12,118486068317176800791180977350500884657,0.9940600978336828
27,13,314097946916505042843355100139787164639,0.00017470300489168413
27,14,117183128569990480275927396665883958640,0.9975541579315165
27,15,332872079543579380886854367083353205957,0.9968553459119497
27,16,153546576691691645785125537895068871384,0.9965059399021663
27,17,166634809184664042602936032266539361288,0.00017470300489168413
27,18,159678409104947602830735143594640373581,0.9956324248777079
27,19,44398435259864162234120286816814690141,0.996680642907058
27,20,230122694200645568619398617376822832796,0.9944095038434662
27,21,87886833589990751158061909402037200937,0.9914395527603075
27,22,283395936416718646138285548038183136141,0.9944095038434662
27,23,144618371204799053756291089535550549242,0.996680642907058
27,24,262004842399136123631589776490924854004,0.9970300489168413
27,25,302692896539217161023551709566133284370,0.996680642907058
27,26,128427987061520246265031518567998086939,0.9891684136967156
27,27,44436695012201908437359519503832890961,0.993885394828791
27,28,254106154364042328501546330924414110139,0.00017470300489168413
27,29,36245308603019948663327229627843823593,0.9954577218728162
27,30,335487899275875729015054765341071754656,0.993885394828791
27,31,183257886934536665499822242353447892844,0.0020964360587002098
27,32,219862749905905429977963763035803970869,0.9912648497554158
27,33,243746606582231642822051792839336885658,0.9942348008385744
27,34,66531372988774596730745733544630926116,0.00017470300489168413
27,35,102195207400037384350928126984067368591,0.9945842068483578
27,36,193759173841778900743424648139279441068,0.9954577218728162
27,37,71506464530226738463765611853599385045,0.9952830188679245
27,38,41348313422442549880670828435914382197,0.9986023759608665
27,39,279608879800529255107116154811345971200,0.9903913347309574
28,0,45981039013076955968566122280330476843,0.9970999658819516
28,1,310314259301655991153462180193674989228,0.9957352439440464
28,2,297512219177122236916534730225134080951,0.9953940634595702
28,3,222935340757182145258240506529936401084,0.9965881951552371
28,4,263805150532846943787906394610929998150,0.9943705220061413
28,5,172992254592846964532164356443184270961,0.9972705561241897
28,6,288548085873142603813379221697038191986,0.000341180484476288
28,7,11522830753713274309089973071308629210,0.001194131695667008
28,8,202063035459981727214664872621861527386,0.9970999658819516
28,9,245168920074419330824003292236724115097,0.9924940293415216
28,10,115000988852574367304848259964005656075,0.9970999658819516
28,11,192089194927396190123110044935537457056,0.9960764244285227
28,12,18584779199972670765541120809851205397,0.9955646537018082
28,13,314423466200693504233527116219709561638,0.9979529170931423
28,14,178321126841282209819179572222415252111,0.995223473217332
28,15,46318371062076788930286573063260462123,0.000170590242238144
28,16,123302542231678335880996888098817642081,0.9960764244285227
28,17,27562893956390248618850064821546645666,0.9977823268509042
28,18,168520163972509737510386981713784400171,0.9977823268509042
28,19,302868719001406039516103810625906129104,0.9943705220061413
28,20,134010094805334553235988228609705669330,0.0005117707267144319
28,21,269305899927107410599442739349943421707,0.0020470829068577278
28,22,191806945619221346160016268578399363494,0.000170590242238144
28,23,88075032555368335349007827801461631467,0.9960764244285227
28,24,19555336088239489185518462535977330699,0.9977823268509042
28,25,24791576488925561241522797849185419408,0.9948822927328557
28,26,143384263639965477653850619587470428306,0.9948822927328557
28,27,129920771885089662236558323625212603660,0.9979529170931423
28,28,60065350668807672581561274466495502713,0.9928352098259979
28,29,279506124792512163035367192270065896507,0.9970999658819516
28,30,303612601823664698815903342664562737924,0.9969293756397134
28,31,249706220207399720265322538421944972875,0.9982940975776186
28,32,315160192917807077513690389599794965506,0.9986352780620948
28,33,100266207754766707472879538147971659151,0.997611736608666
28,34,253428425838709143942605804882540218459,0.9991470487888093
28,35,307426710235321729752246888229167805670,0.0020470829068577278
28,36,104153417404615547428890012666422282238,0.9981235073353805
28,37,89610917574989025657461311612910285552,0.9947117024906176
28,38,315081109023521277556706881947900086368,0.000170590242238144
28,39,328509729053275899943917210788675226957,0.000170590242238144
29,0,3363394446156292061448012265674148811,0.9971666666666666
29,1,299958749463902986601952707243368205217,0.9978333333333333
29,2,114710977869479085815726531806674706306,0.9986666666666667
29,3,233580340367590891302269892797157756603,0.9966666666666667
29,4,325813022130994907735511024609032223679,0.9986666666666667
29,5,188096880227130083793931867186952135722,0.0003333333333333333
29,6,151370290922666932982447276591858403809,0.9983333333333333
29,7,189205604544490313802475667488839730444,0.0
29,8,302090107195251273614470181272125874551,0.9966666666666667
29,9,242288941962226437426400642046922972483,0.0008333333333333334
29,10,71142497412310049175836558520243817375,0.9976666666666667
29,11,246048677515449724359118639431526126269,0.0
29,12,268788269479508815083347267667306916807,0.998
29,13,98832488959264236022112947318932225884,0.9975
29,14,7917373077088560985244269601100921510,0.9971666666666666
29,15,82698169850227979922104378186229218008,0.995
29,16,222497662656631460539056890971557179223,0.9973333333333333
29,17,279601480227569924764982151691687350844,0.9936666666666667
29,18,22131278048201431744945557824427986451,0.9961666666666666
29,19,338284378009217419084254495004488276923,0.9976666666666667
29,20,97376263653560425532944774229731860394,0.9963333333333333
29,21,239334654622188119975083149774740344008,0.9968333333333333
29,22,26544578168182808685420792066811647360,0.9978333333333333
29,23,278854325875091724901129119558781630520,0.9963333333333333
29,24,169534300627158217390506258989931010581,0.9978333333333333
29,25,139196604836323890826776626900011460742,0.996
29,26,34172301298175793720117049921850982418,0.00016666666666666666
29,27,251617438033986025825972576789731968437,0.9931666666666666
29,28,11174038072464385869134549743609198417,0.9975
29,29,184175504251692645026327604633532202005,0.9956666666666667
29,30,289248006515787104845765312622258682758,0.9985
29,31,35786623236322334575820949977138550803,0.9955
29,32,265249544119263280053986758782378687147,0.9933333333333333
29,33,110586993247285666401381621136078042911,0.9988333333333334
29,34,38079232061509285764379320886518153868,0.0003333333333333333
29,35,124362821368627005463052542622838096361,0.0003333333333333333
29,36,200949603358312690893378052746179006704,0.997
29,37,198898804590803413645355232489883694101,0.9973333333333333
29,38,70168085471082151786974531458589639800,0.9965
29,39,66502206185627025242439929293707496448,0.9981666666666666
